{"overall": 0.952211880683899, "tasks_overall": 0.9545435905456543, "tasks_names": 0.9777777777777777, "tasks_types": 0.7777777777777778, "events_overall": 0.9236454844474793, "events_names": 0.9333333333333333, "events_types": 0.2866666666666667, "gateways_overall": 0.7677674651145935, "gateways_names": 0.30666666666666664, "gateways_types": 0.1, "sequence_flow_overall": 0.8218054056167603, "sequence_flow_jaccard": 0.4300862068965517, "message_flow_overall": 0.575542539730668, "message_flow_jaccard": 0.26666666666666666, "lanes_without_refs_jaccard": 0.9, "lanes_with_refs_jaccard": 0.9621848739495799}