{"overall": 0.9186076045036315, "tasks_overall": 0.9257394194602966, "tasks_names": 0.8956349206349207, "tasks_types": 0.2, "events_overall": 0.8807363629341125, "events_names": 0.92, "events_types": 0.02, "gateways_overall": 0.6913828313350677, "gateways_names": 0.23333333333333334, "gateways_types": 0.0, "sequence_flow_overall": 0.7988845586776734, "sequence_flow_jaccard": 0.40461139528275075, "message_flow_overall": 0.38639530912041664, "message_flow_jaccard": 0.0, "lanes_without_refs_jaccard": 0.7, "lanes_with_refs_jaccard": 0.9125}